{
    "robot": [
        0.10738970864011455,
        0.4734166060193228
    ],
    "goal": [
        1.1081539975974601,
        -0.2785747700063913
    ],
    "hazard0": [
        0.7701541005382346,
        0.07628258814766786
    ],
    "hazard1": [
        0.1796376412879812,
        1.1235751250926251
    ],
    "hazard2": [
        -1.1324648063575786,
        -1.0899786487879326
    ],
    "hazard3": [
        -1.2666234307575401,
        0.8781163922465562
    ],
    "hazard4": [
        0.7343338225076053,
        0.9768320713716026
    ],
    "hazard5": [
        1.2635524234944968,
        0.7897786095321504
    ],
    "hazard6": [
        -1.0077555157060163,
        0.36939149630466295
    ],
    "hazard7": [
        -0.9415473212401175,
        1.1739259410109015
    ],
    "vase0": [
        0.05899046872519342,
        -0.23041276202558625
    ]
}